<?xml version="1.0" encoding="UTF-8"?>
<faces-config xmlns="http://java.sun.com/xml/ns/javaee"
	xmlns:xsi="http://www.w3.org/2001/XMLSchema-instance"
	xsi:schemaLocation="http://java.sun.com/xml/ns/javaee 
	http://java.sun.com/xml/ns/javaee/web-facesconfig_2_1.xsd"
	version="2.1">

	<application>
		<el-resolver>
			org.springframework.web.jsf.el.SpringBeanFacesELResolver
		</el-resolver>
		<!--  messages files -->
	<!-- <resource-bundle> -->
	<!-- <base-name>ch.orange.mnp.messages.messages_en</base-name> -->
	<!-- <var>message</var> -->
	<!-- </resource-bundle> -->
	</application>

</faces-config>