<?xml version="1.0" encoding="UTF-8"?>
<beans xmlns="http://www.springframework.org/schema/beans"
	xmlns:xsi="http://www.w3.org/2001/XMLSchema-instance" xmlns:tx="http://www.springframework.org/schema/tx"
	xmlns:context="http://www.springframework.org/schema/context"
	xsi:schemaLocation="http://www.springframework.org/schema/beans
				http://www.springframework.org/schema/beans/spring-beans-3.2.xsd
				http://www.springframework.org/schema/tx 
		        http://www.springframework.org/schema/tx/spring-tx-3.2.xsd
		        http://www.springframework.org/schema/context 
		        http://www.springframework.org/schema/context/spring-context-3.2.xsd">

	<!-- Datasource -->
	<bean id="dataSource" class="com.mchange.v2.c3p0.ComboPooledDataSource"
		destroy-method="close">
		<property name="driverClass" value="${jdbc.driverClass}" />
		<property name="jdbcUrl" value="${jdbc.url}" />
		<property name="user" value="${jdbc.user}" />
		<property name="password" value="${jdbc.password}" />
		<!-- c3p0 pooling -->
		<property name="minPoolSize" value="${hibernate.c3p0.min_size}" />
		<property name="maxPoolSize" value="${hibernate.c3p0.max_size}" />
		<property name="maxStatements" value="${hibernate.c3p0.max_statements}" />
		<property name="idleConnectionTestPeriod" value="${hibernate.c3p0.idle_test_period}" />
	</bean>

	<!-- JPA Entity Manager -->
	<bean id="entityManagerFactory"
		class="org.springframework.orm.jpa.LocalContainerEntityManagerFactoryBean">
		<property name="dataSource" ref="dataSource" />
		<!-- With this, no need to declare persistence.xml -->
		<property name="packagesToScan" value="com.parallel.*.model" />
		<property name="jpaVendorAdapter">
			<bean class="org.springframework.orm.jpa.vendor.HibernateJpaVendorAdapter" />
		</property>
		<property name="jpaPropertyMap">
			<map>
				<entry key="hibernate.dialect" value="${hibernate.dialect}" />
				<entry key="hibernate.show_sql" value="${hibernate.show_sql}" />
				<entry key="hibernate.format_sql" value="${hibernate.format_sql}" />
				<entry key="hibernate.hbm2ddl.auto" value="${hibernate.hbm2ddl.auto}" />
				<entry key="hibernate.temp.use_jdbc_metadata_defaults" value="${hibernate.temp.use_jdbc_metadata_defaults}" />
				<entry key="hibernate.c3p0.min_size" value="${hibernate.c3p0.min_size}" />
				<entry key="hibernate.c3p0.max_size" value="${hibernate.c3p0.max_size}" />
				<entry key="hibernate.c3p0.max_statements" value="${hibernate.c3p0.max_statements}" />
				<entry key="hibernate.c3p0.idle_test_period" value="${hibernate.c3p0.idle_test_period}" />
			</map>
		</property>
	</bean>

	<!-- Transaction manager JPA -->
	<bean id="txManager" class="org.springframework.orm.jpa.JpaTransactionManager">
		<property name="entityManagerFactory" ref="entityManagerFactory" />
		<property name="dataSource" ref="dataSource" />
	</bean>

	<!-- enable the configuration of transactional behavior based on annotations -->
	<tx:annotation-driven transaction-manager="txManager" />


</beans>
